[
  {
    "id": "beyond_the_reach_2014",
    "title": "Beyond the Reach",
    "originalTitle": "Beyond the Reach",
    "year": 2014,
    "runtimeMinutes": 91,
    "description": "A wealthy hunter and his young guide become trapped in the desert — a deadly survival game begins.",
    "thumbnailUrl": "https://img.youtube.com/vi/57YMa7kaZCA/maxresdefault.jpg",
    "posterUrl": "https://img.youtube.com/vi/57YMa7kaZCA/maxresdefault.jpg",
    "hlsUrl": "https://www.youtube.com/embed/57YMa7kaZCA",
    "youtubeEmbed": true,
    "language": "EN",
    "genres": ["Action", "Thriller"],
    "tags": ["survival", "desert", "thriller", "action"],
    "isFeatured": false,
    "director": "Jean-Baptiste Léonetti",
    "cast": ["Michael Douglas", "Jeremy Irvine", "Hanna Mangan Lawrence"],
    "source": {
      "name": "Official YouTube Channel",
      "url": "https://www.youtube.com/embed/57YMa7kaZCA"
    },
    "license": {
      "type": null,
      "url": null
    },
    "createdAt": "2025-01-27T00:00:00.000Z"
  },
  {
    "id": "the_contract_2006",
    "title": "The Contract",
    "originalTitle": "The Contract",
    "year": 2006,
    "runtimeMinutes": null,
    "description": "A father and son are caught in a deadly chase with a contract killer deep in the wilderness.",
    "thumbnailUrl": "https://img.youtube.com/vi/fH1VGUSS4Ec/maxresdefault.jpg",
    "posterUrl": "https://img.youtube.com/vi/fH1VGUSS4Ec/maxresdefault.jpg",
    "hlsUrl": "https://www.youtube.com/embed/fH1VGUSS4Ec",
    "youtubeEmbed": true,
    "language": "EN",
    "genres": ["Action", "Crime"],
    "tags": ["action", "crime", "thriller"],
    "isFeatured": false,
    "director": null,
    "cast": null,
    "source": {
      "name": "Official YouTube Channel",
      "url": "https://www.youtube.com/embed/fH1VGUSS4Ec"
    },
    "license": {
      "type": null,
      "url": null
    },
    "createdAt": "2025-01-27T00:00:00.000Z"
  },
  {
    "id": "desert_run",
    "title": "Desert Run",
    "originalTitle": "Desert Run",
    "year": null,
    "runtimeMinutes": null,
    "description": "An ex-soldier crosses the desert to rescue a group of lost travelers while mercenaries close in.",
    "thumbnailUrl": "https://img.youtube.com/vi/_HjfKShumUw/maxresdefault.jpg",
    "posterUrl": "https://img.youtube.com/vi/_HjfKShumUw/maxresdefault.jpg",
    "hlsUrl": "https://www.youtube.com/embed/_HjfKShumUw",
    "youtubeEmbed": true,
    "language": "EN",
    "genres": ["Adventure", "Action"],
    "tags": ["adventure", "action", "desert"],
    "isFeatured": false,
    "director": null,
    "cast": null,
    "source": {
      "name": "Official YouTube Channel",
      "url": "https://www.youtube.com/embed/_HjfKShumUw"
    },
    "license": {
      "type": null,
      "url": null
    },
    "createdAt": "2025-01-27T00:00:00.000Z"
  },
  {
    "id": "city_shadows",
    "title": "City Shadows",
    "originalTitle": "City Shadows",
    "year": null,
    "runtimeMinutes": null,
    "description": "In a city ruled by corruption, a detective fights to reveal the truth behind a high-profile murder.",
    "thumbnailUrl": "https://img.youtube.com/vi/0wgI4PocHEI/maxresdefault.jpg",
    "posterUrl": "https://img.youtube.com/vi/0wgI4PocHEI/maxresdefault.jpg",
    "hlsUrl": "https://www.youtube.com/embed/0wgI4PocHEI",
    "youtubeEmbed": true,
    "language": "EN",
    "genres": ["Crime", "Drama"],
    "tags": ["crime", "drama", "mystery"],
    "isFeatured": false,
    "director": null,
    "cast": null,
    "source": {
      "name": "Official YouTube Channel",
      "url": "https://www.youtube.com/embed/0wgI4PocHEI"
    },
    "license": {
      "type": null,
      "url": null
    },
    "createdAt": "2025-01-27T00:00:00.000Z"
  },
  {
    "id": "final_horizon",
    "title": "Final Horizon",
    "originalTitle": "Final Horizon",
    "year": null,
    "runtimeMinutes": null,
    "description": "A lone astronaut discovers a hidden mission on Mars that could alter humanity's fate.",
    "thumbnailUrl": "https://img.youtube.com/vi/fYmJAEsLE4o/maxresdefault.jpg",
    "posterUrl": "https://img.youtube.com/vi/fYmJAEsLE4o/maxresdefault.jpg",
    "hlsUrl": "https://www.youtube.com/embed/fYmJAEsLE4o",
    "youtubeEmbed": true,
    "language": "EN",
    "genres": ["Sci-Fi", "Thriller"],
    "tags": ["sci-fi", "thriller", "space"],
    "isFeatured": false,
    "director": null,
    "cast": null,
    "source": {
      "name": "Official YouTube Channel",
      "url": "https://www.youtube.com/embed/fYmJAEsLE4o"
    },
    "license": {
      "type": null,
      "url": null
    },
    "createdAt": "2025-01-27T00:00:00.000Z"
  },
  {
    "id": "silent_storm",
    "title": "Silent Storm",
    "originalTitle": "Silent Storm",
    "year": null,
    "runtimeMinutes": null,
    "description": "Amid chaos and loss, soldiers face moral choices that will haunt them forever.",
    "thumbnailUrl": "https://img.youtube.com/vi/RHoF7Ua_xTU/maxresdefault.jpg",
    "posterUrl": "https://img.youtube.com/vi/RHoF7Ua_xTU/maxresdefault.jpg",
    "hlsUrl": "https://www.youtube.com/embed/RHoF7Ua_xTU",
    "youtubeEmbed": true,
    "language": "EN",
    "genres": ["War", "Drama"],
    "tags": ["war", "drama", "military"],
    "isFeatured": false,
    "director": null,
    "cast": null,
    "source": {
      "name": "Official YouTube Channel",
      "url": "https://www.youtube.com/embed/RHoF7Ua_xTU"
    },
    "license": {
      "type": null,
      "url": null
    },
    "createdAt": "2025-01-27T00:00:00.000Z"
  },
  {
    "id": "the_vanished_lake",
    "title": "The Vanished Lake",
    "originalTitle": "The Vanished Lake",
    "year": null,
    "runtimeMinutes": null,
    "description": "When a lake disappears overnight, a reporter uncovers a conspiracy buried under the waterline.",
    "thumbnailUrl": "https://img.youtube.com/vi/VzaliP5Prt8/maxresdefault.jpg",
    "posterUrl": "https://img.youtube.com/vi/VzaliP5Prt8/maxresdefault.jpg",
    "hlsUrl": "https://www.youtube.com/embed/VzaliP5Prt8",
    "youtubeEmbed": true,
    "language": "EN",
    "genres": ["Mystery", "Thriller"],
    "tags": ["mystery", "thriller", "conspiracy"],
    "isFeatured": false,
    "director": null,
    "cast": null,
    "source": {
      "name": "Official YouTube Channel",
      "url": "https://www.youtube.com/embed/VzaliP5Prt8"
    },
    "license": {
      "type": null,
      "url": null
    },
    "createdAt": "2025-01-27T00:00:00.000Z"
  },
  {
    "id": "steel_and_smoke",
    "title": "Steel and Smoke",
    "originalTitle": "Steel and Smoke",
    "year": null,
    "runtimeMinutes": null,
    "description": "An ex-fighter returns to his hometown to face the crime syndicate that destroyed his family.",
    "thumbnailUrl": "https://img.youtube.com/vi/S_6fFIlJ9fk/maxresdefault.jpg",
    "posterUrl": "https://img.youtube.com/vi/S_6fFIlJ9fk/maxresdefault.jpg",
    "hlsUrl": "https://www.youtube.com/embed/S_6fFIlJ9fk",
    "youtubeEmbed": true,
    "language": "EN",
    "genres": ["Action", "Drama"],
    "tags": ["action", "drama", "crime"],
    "isFeatured": false,
    "director": null,
    "cast": null,
    "source": {
      "name": "Official YouTube Channel",
      "url": "https://www.youtube.com/embed/S_6fFIlJ9fk"
    },
    "license": {
      "type": null,
      "url": null
    },
    "createdAt": "2025-01-27T00:00:00.000Z"
  },
  {
    "id": "echoes_of_fear",
    "title": "Echoes of Fear",
    "originalTitle": "Echoes of Fear",
    "year": null,
    "runtimeMinutes": null,
    "description": "After inheriting a haunted house, a woman discovers the terrifying secret behind its walls.",
    "thumbnailUrl": "https://img.youtube.com/vi/3K4_0_ANa9g/maxresdefault.jpg",
    "posterUrl": "https://img.youtube.com/vi/3K4_0_ANa9g/maxresdefault.jpg",
    "hlsUrl": "https://www.youtube.com/embed/3K4_0_ANa9g",
    "youtubeEmbed": true,
    "language": "EN",
    "genres": ["Horror", "Mystery"],
    "tags": ["horror", "mystery", "supernatural"],
    "isFeatured": false,
    "director": null,
    "cast": null,
    "source": {
      "name": "Official YouTube Channel",
      "url": "https://www.youtube.com/embed/3K4_0_ANa9g"
    },
    "license": {
      "type": null,
      "url": null
    },
    "createdAt": "2025-01-27T00:00:00.000Z"
  },
  {
    "id": "neon_nights",
    "title": "Neon Nights",
    "originalTitle": "Neon Nights",
    "year": null,
    "runtimeMinutes": null,
    "description": "Two artists fall in love in the electric chaos of a sleepless city where every light hides a story.",
    "thumbnailUrl": "https://img.youtube.com/vi/oFgwKdSPefI/maxresdefault.jpg",
    "posterUrl": "https://img.youtube.com/vi/oFgwKdSPefI/maxresdefault.jpg",
    "hlsUrl": "https://www.youtube.com/embed/oFgwKdSPefI",
    "youtubeEmbed": true,
    "language": "EN",
    "genres": ["Drama", "Romance"],
    "tags": ["drama", "romance", "urban"],
    "isFeatured": false,
    "director": null,
    "cast": null,
    "source": {
      "name": "Official YouTube Channel",
      "url": "https://www.youtube.com/embed/oFgwKdSPefI"
    },
    "license": {
      "type": null,
      "url": null
    },
    "createdAt": "2025-01-27T00:00:00.000Z"
  },
  {
    "id": "edge_of_tomorrow",
    "title": "Edge of Tomorrow",
    "originalTitle": "Edge of Tomorrow",
    "year": null,
    "runtimeMinutes": null,
    "description": "A soldier finds himself reliving the same battle day after day, gaining the skill to change humanity's fate.",
    "thumbnailUrl": "https://img.youtube.com/vi/XWGt8h6cUn8/maxresdefault.jpg",
    "posterUrl": "https://img.youtube.com/vi/XWGt8h6cUn8/maxresdefault.jpg",
    "hlsUrl": "https://www.youtube.com/embed/XWGt8h6cUn8",
    "youtubeEmbed": true,
    "language": "EN",
    "genres": ["Sci-Fi", "Action"],
    "tags": ["sci-fi", "action", "time-loop"],
    "isFeatured": false,
    "director": null,
    "cast": null,
    "source": {
      "name": "Official YouTube Channel",
      "url": "https://www.youtube.com/embed/XWGt8h6cUn8"
    },
    "license": {
      "type": null,
      "url": null
    },
    "createdAt": "2025-01-27T00:00:00.000Z"
  },
  {
    "id": "frozen_lies",
    "title": "Frozen Lies",
    "originalTitle": "Frozen Lies",
    "year": null,
    "runtimeMinutes": null,
    "description": "In a snowbound town, a journalist discovers a secret that could destroy everything she loves.",
    "thumbnailUrl": "https://img.youtube.com/vi/wMEJYro8h6E/maxresdefault.jpg",
    "posterUrl": "https://img.youtube.com/vi/wMEJYro8h6E/maxresdefault.jpg",
    "hlsUrl": "https://www.youtube.com/embed/wMEJYro8h6E",
    "youtubeEmbed": true,
    "language": "EN",
    "genres": ["Thriller", "Drama"],
    "tags": ["thriller", "drama", "mystery"],
    "isFeatured": false,
    "director": null,
    "cast": null,
    "source": {
      "name": "Official YouTube Channel",
      "url": "https://www.youtube.com/embed/wMEJYro8h6E"
    },
    "license": {
      "type": null,
      "url": null
    },
    "createdAt": "2025-01-27T00:00:00.000Z"
  },
  {
    "id": "the_hidden_truth",
    "title": "The Hidden Truth",
    "originalTitle": "The Hidden Truth",
    "year": null,
    "runtimeMinutes": null,
    "description": "A grieving man's search for his missing wife leads him into a world of deception and dark truths.",
    "thumbnailUrl": "https://img.youtube.com/vi/nZqp8uuDQr0/maxresdefault.jpg",
    "posterUrl": "https://img.youtube.com/vi/nZqp8uuDQr0/maxresdefault.jpg",
    "hlsUrl": "https://www.youtube.com/embed/nZqp8uuDQr0",
    "youtubeEmbed": true,
    "language": "EN",
    "genres": ["Mystery", "Drama"],
    "tags": ["mystery", "drama", "thriller"],
    "isFeatured": false,
    "director": null,
    "cast": null,
    "source": {
      "name": "Official YouTube Channel",
      "url": "https://www.youtube.com/embed/nZqp8uuDQr0"
    },
    "license": {
      "type": null,
      "url": null
    },
    "createdAt": "2025-01-27T00:00:00.000Z"
  },
  {
    "id": "the_outlaw_code",
    "title": "The Outlaw Code",
    "originalTitle": "The Outlaw Code",
    "year": null,
    "runtimeMinutes": null,
    "description": "In a lawless frontier, an ex-sheriff is forced to confront his past when a bounty hunter arrives in town.",
    "thumbnailUrl": "https://img.youtube.com/vi/GnfAbRjclXQ/maxresdefault.jpg",
    "posterUrl": "https://img.youtube.com/vi/GnfAbRjclXQ/maxresdefault.jpg",
    "hlsUrl": "https://www.youtube.com/embed/GnfAbRjclXQ",
    "youtubeEmbed": true,
    "language": "EN",
    "genres": ["Western", "Action"],
    "tags": ["western", "action", "frontier"],
    "isFeatured": false,
    "director": null,
    "cast": null,
    "source": {
      "name": "Official YouTube Channel",
      "url": "https://www.youtube.com/embed/GnfAbRjclXQ"
    },
    "license": {
      "type": null,
      "url": null
    },
    "createdAt": "2025-01-27T00:00:00.000Z"
  },
  {
    "id": "signal_lost",
    "title": "Signal Lost",
    "originalTitle": "Signal Lost",
    "year": null,
    "runtimeMinutes": null,
    "description": "After a satellite crash, a scientist intercepts a mysterious signal that could be a message from beyond.",
    "thumbnailUrl": "https://img.youtube.com/vi/OxtUVONZrBE/maxresdefault.jpg",
    "posterUrl": "https://img.youtube.com/vi/OxtUVONZrBE/maxresdefault.jpg",
    "hlsUrl": "https://www.youtube.com/embed/OxtUVONZrBE",
    "youtubeEmbed": true,
    "language": "EN",
    "genres": ["Sci-Fi", "Thriller"],
    "tags": ["sci-fi", "thriller", "space"],
    "isFeatured": false,
    "director": null,
    "cast": null,
    "source": {
      "name": "Official YouTube Channel",
      "url": "https://www.youtube.com/embed/OxtUVONZrBE"
    },
    "license": {
      "type": null,
      "url": null
    },
    "createdAt": "2025-01-27T00:00:00.000Z"
  },
  {
    "id": "silent_departure",
    "title": "Silent Departure",
    "originalTitle": "Silent Departure",
    "year": null,
    "runtimeMinutes": null,
    "description": "Two strangers meet in an airport during a storm, discovering connection and loss in the same night.",
    "thumbnailUrl": "https://img.youtube.com/vi/i_9GQ8CcN4Q/maxresdefault.jpg",
    "posterUrl": "https://img.youtube.com/vi/i_9GQ8CcN4Q/maxresdefault.jpg",
    "hlsUrl": "https://www.youtube.com/embed/i_9GQ8CcN4Q",
    "youtubeEmbed": true,
    "language": "EN",
    "genres": ["Drama", "Romance"],
    "tags": ["drama", "romance", "airport"],
    "isFeatured": false,
    "director": null,
    "cast": null,
    "source": {
      "name": "Official YouTube Channel",
      "url": "https://www.youtube.com/embed/i_9GQ8CcN4Q"
    },
    "license": {
      "type": null,
      "url": null
    },
    "createdAt": "2025-01-27T00:00:00.000Z"
  },
  {
    "id": "runaway_dreams",
    "title": "Runaway Dreams",
    "originalTitle": "Runaway Dreams",
    "year": null,
    "runtimeMinutes": null,
    "description": "A young woman escapes her small town chasing stardom, but finds the price of dreams can be too high.",
    "thumbnailUrl": "https://img.youtube.com/vi/lQQSuSbWy_A/maxresdefault.jpg",
    "posterUrl": "https://img.youtube.com/vi/lQQSuSbWy_A/maxresdefault.jpg",
    "hlsUrl": "https://www.youtube.com/embed/lQQSuSbWy_A",
    "youtubeEmbed": true,
    "language": "EN",
    "genres": ["Drama", "Adventure"],
    "tags": ["drama", "adventure", "coming-of-age"],
    "isFeatured": false,
    "director": null,
    "cast": null,
    "source": {
      "name": "Official YouTube Channel",
      "url": "https://www.youtube.com/embed/lQQSuSbWy_A"
    },
    "license": {
      "type": null,
      "url": null
    },
    "createdAt": "2025-01-27T00:00:00.000Z"
  },
  {
    "id": "underground_shift",
    "title": "Underground Shift",
    "originalTitle": "Underground Shift",
    "year": null,
    "runtimeMinutes": null,
    "description": "A subway worker uncovers a heist beneath the city and must stop it before it's too late.",
    "thumbnailUrl": "https://img.youtube.com/vi/V-sVGIfnYi0/maxresdefault.jpg",
    "posterUrl": "https://img.youtube.com/vi/V-sVGIfnYi0/maxresdefault.jpg",
    "hlsUrl": "https://www.youtube.com/embed/V-sVGIfnYi0",
    "youtubeEmbed": true,
    "language": "EN",
    "genres": ["Action", "Crime"],
    "tags": ["action", "crime", "heist"],
    "isFeatured": false,
    "director": null,
    "cast": null,
    "source": {
      "name": "Official YouTube Channel",
      "url": "https://www.youtube.com/embed/V-sVGIfnYi0"
    },
    "license": {
      "type": null,
      "url": null
    },
    "createdAt": "2025-01-27T00:00:00.000Z"
  },
  {
    "id": "the_final_day",
    "title": "The Final Day",
    "originalTitle": "The Final Day",
    "year": null,
    "runtimeMinutes": null,
    "description": "A man wakes up with no memory of who he is—only a note saying 'You have one day left.'",
    "thumbnailUrl": "https://img.youtube.com/vi/58Id__gyyA8/maxresdefault.jpg",
    "posterUrl": "https://img.youtube.com/vi/58Id__gyyA8/maxresdefault.jpg",
    "hlsUrl": "https://www.youtube.com/embed/58Id__gyyA8",
    "youtubeEmbed": true,
    "language": "EN",
    "genres": ["Drama", "Mystery"],
    "tags": ["drama", "mystery", "amnesia"],
    "isFeatured": false,
    "director": null,
    "cast": null,
    "source": {
      "name": "Official YouTube Channel",
      "url": "https://www.youtube.com/embed/58Id__gyyA8"
    },
    "license": {
      "type": null,
      "url": null
    },
    "createdAt": "2025-01-27T00:00:00.000Z"
  },
  {
    "id": "the_lost_signal",
    "title": "The Lost Signal",
    "originalTitle": "The Lost Signal",
    "year": null,
    "runtimeMinutes": null,
    "description": "A research team discovers a mysterious radio signal from an abandoned ship drifting in space.",
    "thumbnailUrl": "https://img.youtube.com/vi/G-U1UImEeMk/maxresdefault.jpg",
    "posterUrl": "https://img.youtube.com/vi/G-U1UImEeMk/maxresdefault.jpg",
    "hlsUrl": "https://www.youtube.com/embed/G-U1UImEeMk",
    "youtubeEmbed": true,
    "language": "EN",
    "genres": ["Sci-Fi", "Horror"],
    "tags": ["sci-fi", "horror", "space"],
    "isFeatured": false,
    "director": null,
    "cast": null,
    "source": {
      "name": "Official YouTube Channel",
      "url": "https://www.youtube.com/embed/G-U1UImEeMk"
    },
    "license": {
      "type": null,
      "url": null
    },
    "createdAt": "2025-01-27T00:00:00.000Z"
  },
  {
    "id": "crimson_line",
    "title": "Crimson Line",
    "originalTitle": "Crimson Line",
    "year": null,
    "runtimeMinutes": null,
    "description": "An undercover cop's loyalty is tested when he must protect the criminal he was sent to bring down.",
    "thumbnailUrl": "https://img.youtube.com/vi/2j1ulDeUPzk/maxresdefault.jpg",
    "posterUrl": "https://img.youtube.com/vi/2j1ulDeUPzk/maxresdefault.jpg",
    "hlsUrl": "https://www.youtube.com/embed/2j1ulDeUPzk",
    "youtubeEmbed": true,
    "language": "EN",
    "genres": ["Thriller", "Crime"],
    "tags": ["thriller", "crime", "undercover"],
    "isFeatured": false,
    "director": null,
    "cast": null,
    "source": {
      "name": "Official YouTube Channel",
      "url": "https://www.youtube.com/embed/2j1ulDeUPzk"
    },
    "license": {
      "type": null,
      "url": null
    },
    "createdAt": "2025-01-27T00:00:00.000Z"
  },
  {
    "id": "skyfalling",
    "title": "Skyfalling",
    "originalTitle": "Skyfalling",
    "year": null,
    "runtimeMinutes": null,
    "description": "A former pilot returns to the skies for one final mission that could prevent a global disaster.",
    "thumbnailUrl": "https://img.youtube.com/vi/5DzZntCCM5s/maxresdefault.jpg",
    "posterUrl": "https://img.youtube.com/vi/5DzZntCCM5s/maxresdefault.jpg",
    "hlsUrl": "https://www.youtube.com/embed/5DzZntCCM5s",
    "youtubeEmbed": true,
    "language": "EN",
    "genres": ["Action", "Adventure"],
    "tags": ["action", "adventure", "pilot"],
    "isFeatured": false,
    "director": null,
    "cast": null,
    "source": {
      "name": "Official YouTube Channel",
      "url": "https://www.youtube.com/embed/5DzZntCCM5s"
    },
    "license": {
      "type": null,
      "url": null
    },
    "createdAt": "2025-01-27T00:00:00.000Z"
  },
  {
    "id": "midnight_return",
    "title": "Midnight Return",
    "originalTitle": "Midnight Return",
    "year": null,
    "runtimeMinutes": null,
    "description": "Haunted by the past, a detective reopens an unsolved case that leads him back to his own family.",
    "thumbnailUrl": "https://img.youtube.com/vi/bI80wVThavY/maxresdefault.jpg",
    "posterUrl": "https://img.youtube.com/vi/bI80wVThavY/maxresdefault.jpg",
    "hlsUrl": "https://www.youtube.com/embed/bI80wVThavY",
    "youtubeEmbed": true,
    "language": "EN",
    "genres": ["Drama", "Mystery"],
    "tags": ["drama", "mystery", "detective"],
    "isFeatured": false,
    "director": null,
    "cast": null,
    "source": {
      "name": "Official YouTube Channel",
      "url": "https://www.youtube.com/embed/bI80wVThavY"
    },
    "license": {
      "type": null,
      "url": null
    },
    "createdAt": "2025-01-27T00:00:00.000Z"
  },
  {
    "id": "falling_ember",
    "title": "Falling Ember",
    "originalTitle": "Falling Ember",
    "year": null,
    "runtimeMinutes": null,
    "description": "When two lost souls meet in the ruins of a wildfire, love becomes both their salvation and destruction.",
    "thumbnailUrl": "https://img.youtube.com/vi/yRYvLFLdgk0/maxresdefault.jpg",
    "posterUrl": "https://img.youtube.com/vi/yRYvLFLdgk0/maxresdefault.jpg",
    "hlsUrl": "https://www.youtube.com/embed/yRYvLFLdgk0",
    "youtubeEmbed": true,
    "language": "EN",
    "genres": ["Romance", "Drama"],
    "tags": ["romance", "drama", "wildfire"],
    "isFeatured": false,
    "director": null,
    "cast": null,
    "source": {
      "name": "Official YouTube Channel",
      "url": "https://www.youtube.com/embed/yRYvLFLdgk0"
    },
    "license": {
      "type": null,
      "url": null
    },
    "createdAt": "2025-01-27T00:00:00.000Z"
  },
  {
    "id": "deep_code",
    "title": "Deep Code",
    "originalTitle": "Deep Code",
    "year": null,
    "runtimeMinutes": null,
    "description": "A young hacker uncovers a government AI that can rewrite reality—and it's starting to evolve.",
    "thumbnailUrl": "https://img.youtube.com/vi/sqCYHOTNBNc/maxresdefault.jpg",
    "posterUrl": "https://img.youtube.com/vi/sqCYHOTNBNc/maxresdefault.jpg",
    "hlsUrl": "https://www.youtube.com/embed/sqCYHOTNBNc",
    "youtubeEmbed": true,
    "language": "EN",
    "genres": ["Tech", "Sci-Fi"],
    "tags": ["tech", "sci-fi", "ai"],
    "isFeatured": false,
    "director": null,
    "cast": null,
    "source": {
      "name": "Official YouTube Channel",
      "url": "https://www.youtube.com/embed/sqCYHOTNBNc"
    },
    "license": {
      "type": null,
      "url": null
    },
    "createdAt": "2025-01-27T00:00:00.000Z"
  },
  {
    "id": "broken_path",
    "title": "Broken Path",
    "originalTitle": "Broken Path",
    "year": null,
    "runtimeMinutes": null,
    "description": "A father and daughter trek across the mountains to find redemption and reconcile the past.",
    "thumbnailUrl": "https://img.youtube.com/vi/k5u0m5tnMeY/maxresdefault.jpg",
    "posterUrl": "https://img.youtube.com/vi/k5u0m5tnMeY/maxresdefault.jpg",
    "hlsUrl": "https://www.youtube.com/embed/k5u0m5tnMeY",
    "youtubeEmbed": true,
    "language": "EN",
    "genres": ["Drama", "Adventure"],
    "tags": ["drama", "adventure", "family"],
    "isFeatured": false,
    "director": null,
    "cast": null,
    "source": {
      "name": "Official YouTube Channel",
      "url": "https://www.youtube.com/embed/k5u0m5tnMeY"
    },
    "license": {
      "type": null,
      "url": null
    },
    "createdAt": "2025-01-27T00:00:00.000Z"
  },
  {
    "id": "the_hidden_face",
    "title": "The Hidden Face",
    "originalTitle": "The Hidden Face",
    "year": null,
    "runtimeMinutes": null,
    "description": "A renowned psychologist investigates a series of disappearances connected to her newest patient.",
    "thumbnailUrl": "https://img.youtube.com/vi/CvCaI4v8qOk/maxresdefault.jpg",
    "posterUrl": "https://img.youtube.com/vi/CvCaI4v8qOk/maxresdefault.jpg",
    "hlsUrl": "https://www.youtube.com/embed/CvCaI4v8qOk",
    "youtubeEmbed": true,
    "language": "EN",
    "genres": ["Thriller", "Mystery"],
    "tags": ["thriller", "mystery", "psychology"],
    "isFeatured": false,
    "director": null,
    "cast": null,
    "source": {
      "name": "Official YouTube Channel",
      "url": "https://www.youtube.com/embed/CvCaI4v8qOk"
    },
    "license": {
      "type": null,
      "url": null
    },
    "createdAt": "2025-01-27T00:00:00.000Z"
  },
  {
    "id": "the_silent_bridge",
    "title": "The Silent Bridge",
    "originalTitle": "The Silent Bridge",
    "year": null,
    "runtimeMinutes": null,
    "description": "Two brothers on opposite sides of the law meet on a bridge where truth and betrayal collide.",
    "thumbnailUrl": "https://img.youtube.com/vi/IF8HIfTL44M/maxresdefault.jpg",
    "posterUrl": "https://img.youtube.com/vi/IF8HIfTL44M/maxresdefault.jpg",
    "hlsUrl": "https://www.youtube.com/embed/IF8HIfTL44M",
    "youtubeEmbed": true,
    "language": "EN",
    "genres": ["Drama", "Suspense"],
    "tags": ["drama", "suspense", "family"],
    "isFeatured": false,
    "director": null,
    "cast": null,
    "source": {
      "name": "Official YouTube Channel",
      "url": "https://www.youtube.com/embed/IF8HIfTL44M"
    },
    "license": {
      "type": null,
      "url": null
    },
    "createdAt": "2025-01-27T00:00:00.000Z"
  },
  {
    "id": "dark_wave",
    "title": "Dark Wave",
    "originalTitle": "Dark Wave",
    "year": null,
    "runtimeMinutes": null,
    "description": "A rogue scientist unleashes an energy wave that threatens to erase the planet's magnetic field.",
    "thumbnailUrl": "https://img.youtube.com/vi/AGyGGou17cQ/maxresdefault.jpg",
    "posterUrl": "https://img.youtube.com/vi/AGyGGou17cQ/maxresdefault.jpg",
    "hlsUrl": "https://www.youtube.com/embed/AGyGGou17cQ",
    "youtubeEmbed": true,
    "language": "EN",
    "genres": ["Action", "Sci-Fi"],
    "tags": ["action", "sci-fi", "disaster"],
    "isFeatured": false,
    "director": null,
    "cast": null,
    "source": {
      "name": "Official YouTube Channel",
      "url": "https://www.youtube.com/embed/AGyGGou17cQ"
    },
    "license": {
      "type": null,
      "url": null
    },
    "createdAt": "2025-01-27T00:00:00.000Z"
  },
  {
    "id": "city_of_ghosts",
    "title": "City of Ghosts",
    "originalTitle": "City of Ghosts",
    "year": null,
    "runtimeMinutes": null,
    "description": "A journalist enters a cursed city where the dead whisper secrets of an ancient revenge.",
    "thumbnailUrl": "https://img.youtube.com/vi/Avhhp1_f5QI/maxresdefault.jpg",
    "posterUrl": "https://img.youtube.com/vi/Avhhp1_f5QI/maxresdefault.jpg",
    "hlsUrl": "https://www.youtube.com/embed/Avhhp1_f5QI",
    "youtubeEmbed": true,
    "language": "EN",
    "genres": ["Horror", "Mystery"],
    "tags": ["horror", "mystery", "supernatural"],
    "isFeatured": false,
    "director": null,
    "cast": null,
    "source": {
      "name": "Official YouTube Channel",
      "url": "https://www.youtube.com/embed/Avhhp1_f5QI"
    },
    "license": {
      "type": null,
      "url": null
    },
    "createdAt": "2025-01-27T00:00:00.000Z"
  },
  {
    "id": "the_arrival_code",
    "title": "The Arrival Code",
    "originalTitle": "The Arrival Code",
    "year": null,
    "runtimeMinutes": null,
    "description": "A cryptographer decodes a signal that reveals we were never alone—and they're coming back.",
    "thumbnailUrl": "https://img.youtube.com/vi/O_gLqCZADHU/maxresdefault.jpg",
    "posterUrl": "https://img.youtube.com/vi/O_gLqCZADHU/maxresdefault.jpg",
    "hlsUrl": "https://www.youtube.com/embed/O_gLqCZADHU",
    "youtubeEmbed": true,
    "language": "EN",
    "genres": ["Sci-Fi", "Thriller"],
    "tags": ["sci-fi", "thriller", "alien"],
    "isFeatured": false,
    "director": null,
    "cast": null,
    "source": {
      "name": "Official YouTube Channel",
      "url": "https://www.youtube.com/embed/O_gLqCZADHU"
    },
    "license": {
      "type": null,
      "url": null
    },
    "createdAt": "2025-01-27T00:00:00.000Z"
  },
  {
    "id": "run_for_light",
    "title": "Run for Light",
    "originalTitle": "Run for Light",
    "year": null,
    "runtimeMinutes": null,
    "description": "A blind marathon runner trains for the world stage guided only by faith and a voice in his headset.",
    "thumbnailUrl": "https://img.youtube.com/vi/aqew-whwmu8/maxresdefault.jpg",
    "posterUrl": "https://img.youtube.com/vi/aqew-whwmu8/maxresdefault.jpg",
    "hlsUrl": "https://www.youtube.com/embed/aqew-whwmu8",
    "youtubeEmbed": true,
    "language": "EN",
    "genres": ["Drama", "Action"],
    "tags": ["drama", "action", "inspirational"],
    "isFeatured": false,
    "director": null,
    "cast": null,
    "source": {
      "name": "Official YouTube Channel",
      "url": "https://www.youtube.com/embed/aqew-whwmu8"
    },
    "license": {
      "type": null,
      "url": null
    },
    "createdAt": "2025-01-27T00:00:00.000Z"
  }
]
